City_ID,City,Country,Date,Lat,Lng,Max Temp,Humidity,Cloudiness,Wind Speed
0,Busselton,AU,2021-09-05 20-04-39,-33.65,115.3333,50.04,74,0,9.33
1,Laguna,US,2021-09-05 20-04-40,38.421,-121.4238,98.44,22,1,1.99
2,Nanakuli,US,2021-09-05 20-04-40,21.3906,-158.1547,83.03,61,20,11.5
3,Udachnyy,RU,2021-09-05 20-04-40,66.4167,112.4,47.16,80,12,7.92
4,Rikitea,PF,2021-09-05 20-04-40,-23.1203,-134.9692,74.28,74,82,13.56
5,Kapaa,US,2021-09-05 20-04-41,22.0752,-159.319,82.72,68,40,5.01
6,Porbandar,IN,2021-09-05 20-04-40,21.6422,69.6093,80.46,87,79,8.75
7,Poso,ID,2021-09-05 20-04-41,-1.3959,120.7524,76.01,89,100,5.14
8,Vaini,TO,2021-09-05 20-04-41,-21.2,-175.2,73.56,100,90,6.91
9,Umba,RU,2021-09-05 20-04-42,66.6871,34.3429,39.69,72,78,10.85
10,Hamilton,US,2021-09-05 20-03-26,39.1834,-84.5333,81.88,62,40,5.01
11,Bluff,NZ,2021-09-05 20-04-42,-46.6,168.3333,53.8,63,100,19.13
12,Yellowknife,CA,2021-09-05 20-04-42,62.456,-114.3525,61.32,77,75,13.8
13,Ribeira Grande,PT,2021-09-05 20-04-43,38.5167,-28.7,72.0,60,75,5.75
14,Bara,NG,2021-09-05 20-04-43,10.3744,10.7288,75.02,84,78,6.31
15,Khiv,RU,2021-09-05 20-04-43,41.7543,47.9306,59.22,90,98,1.21
16,Dhidhdhoo,MV,2021-09-05 20-04-44,6.8833,73.1,81.99,77,91,14.7
17,Longyearbyen,SJ,2021-09-05 20-04-44,78.2186,15.6401,39.04,65,75,18.41
18,Albany,US,2021-09-05 20-00-30,42.6001,-73.9662,69.67,84,99,6.87
19,Ushuaia,AR,2021-09-05 20-03-11,-54.8,-68.3,51.46,58,20,2.3
20,Nikolskoye,RU,2021-09-05 20-04-44,59.7035,30.7861,42.69,80,93,4.99
21,Portland,US,2021-09-05 20-01-02,45.5234,-122.6762,85.1,54,8,1.01
22,San Juan,AR,2021-09-05 20-04-45,-31.5375,-68.5364,75.72,27,0,4.88
23,Bima,ID,2021-09-05 20-04-45,-8.4667,118.7167,73.81,94,93,3.8
24,San Cristobal,VE,2021-09-05 20-04-45,7.7669,-72.225,78.98,57,81,5.14
25,Port Moresby,PG,2021-09-05 20-04-46,-9.4431,147.1797,74.14,89,93,9.66
26,Hithadhoo,MV,2021-09-05 20-04-46,-0.6,73.0833,82.49,73,51,10.13
27,Tasiilaq,GL,2021-09-05 20-04-46,65.6145,-37.6368,44.76,97,100,4.29
28,Egvekinot,RU,2021-09-05 20-04-47,66.3167,-179.1667,34.38,79,99,3.49
29,Bambous Virieux,MU,2021-09-05 20-04-47,-20.3428,57.7575,71.22,69,100,19.86
30,Los Llanos De Aridane,ES,2021-09-05 20-04-47,28.6585,-17.9182,73.15,90,20,1.14
31,Riyadh,SA,2021-09-05 20-04-47,24.6877,46.7219,93.34,13,0,8.21
32,Amapa,BR,2021-09-05 20-04-48,1.0,-52.0,85.62,49,97,4.52
33,Kamaishi,JP,2021-09-05 20-04-48,39.2667,141.8833,60.91,83,99,9.55
34,Tianpeng,CN,2021-09-05 20-04-48,30.9866,103.9393,68.86,92,100,5.3
35,Cabo San Lucas,MX,2021-09-05 20-04-49,22.8909,-109.9124,93.61,58,20,10.36
36,Tabuk,PH,2021-09-05 20-04-49,17.4189,121.4443,73.78,93,100,1.68
37,Troitsk,RU,2021-09-05 20-04-49,54.0979,61.5773,47.19,48,0,6.93
38,Atuona,PF,2021-09-05 20-04-49,-9.8,-139.0333,77.72,77,42,18.41
39,Christchurch,NZ,2021-09-05 20-03-25,-43.5333,172.6333,48.0,78,93,1.99
40,Georgetown,MY,2021-09-05 20-04-38,5.4112,100.3354,79.9,86,20,0.0
41,Bengkulu,ID,2021-09-05 20-04-50,-3.8004,102.2655,74.7,91,60,3.85
42,Nizwa,OM,2021-09-05 20-04-50,22.9333,57.5333,88.72,27,5,1.9
43,Saint-Pierre,RE,2021-09-05 20-04-51,-21.3393,55.4781,69.48,64,10,16.11
44,Tarsus,TR,2021-09-05 20-04-51,36.9188,34.8784,78.67,63,0,1.59
45,Bowen,AU,2021-09-05 20-04-51,-20.0167,148.2333,65.53,87,0,8.57
46,Port Alfred,ZA,2021-09-05 20-04-52,-33.5906,26.891,60.44,76,15,9.51
47,Esperance,AU,2021-09-05 20-04-52,-33.8667,121.9,51.37,71,0,14.67
48,Farafangana,MG,2021-09-05 20-04-52,-22.8167,47.8333,67.95,82,25,9.71
49,Hermanus,ZA,2021-09-05 20-04-52,-34.4187,19.2345,51.8,55,100,12.8
50,Dikson,RU,2021-09-05 20-04-53,73.5069,80.5464,47.73,86,4,20.65
51,Kilrush,IE,2021-09-05 20-04-53,52.6397,-9.4833,65.95,85,100,6.08
52,Matongo,TZ,2021-09-05 20-04-53,-2.3833,34.0833,76.01,45,83,4.09
53,Dublyany,UA,2021-09-05 20-04-54,49.9041,24.0864,47.1,87,0,6.71
54,Mataura,NZ,2021-09-05 20-04-54,-46.1927,168.8643,53.47,84,100,3.51
55,Yenagoa,NG,2021-09-05 20-04-54,4.9247,6.2642,74.88,92,77,5.37
56,Lagoa,PT,2021-09-05 20-04-55,39.05,-27.9833,68.76,71,50,19.06
57,Hobart,AU,2021-09-05 20-04-20,-42.8794,147.3294,46.26,65,40,3.0
58,Zabol,AF,2021-09-05 20-04-55,32.25,67.25,73.65,12,6,8.57
59,Tiksi,RU,2021-09-05 20-04-55,71.6872,128.8694,50.77,82,100,28.1
60,Sambava,MG,2021-09-05 20-04-57,-14.2667,50.1667,68.5,79,22,13.35
61,Channarayapatna,IN,2021-09-05 20-04-57,12.9044,76.3917,67.91,94,100,13.04
62,Guayama,PR,2021-09-05 20-04-57,17.9841,-66.1138,90.23,75,2,10.0
63,Punta Arenas,CL,2021-09-05 20-04-57,-53.15,-70.9167,51.91,50,0,8.05
64,Avarua,CK,2021-09-05 20-04-58,-21.2078,-159.775,75.25,83,75,11.5
65,Puerto Ayora,EC,2021-09-05 20-04-58,-0.7393,-90.3518,70.93,74,97,11.99
66,Qaanaaq,GL,2021-09-05 20-04-58,77.484,-69.3632,20.12,80,41,5.41
67,Kodiak,US,2021-09-05 20-04-59,57.79,-152.4072,54.66,85,100,3.0
68,Lebu,CL,2021-09-05 20-04-59,-37.6167,-73.65,51.89,85,72,5.75
69,Lima,PE,2021-09-05 20-04-33,-12.0432,-77.0282,62.85,72,90,12.66
70,Jamestown,US,2021-09-05 20-04-06,42.097,-79.2353,73.02,65,40,7.0
71,Airai,TL,2021-09-05 20-04-59,-8.9266,125.4092,58.62,67,100,3.47
72,Hilo,US,2021-09-05 20-05-00,19.7297,-155.09,79.79,86,90,8.05
73,Carnarvon,AU,2021-09-05 20-05-00,-24.8667,113.6333,53.67,28,0,10.36
74,Carballo,ES,2021-09-05 20-05-01,43.213,-8.691,78.49,66,88,1.34
75,Altamira,BR,2021-09-05 20-05-01,-3.2033,-52.2064,83.61,65,100,2.73
76,Cape Town,ZA,2021-09-05 20-05-01,-33.9258,18.4232,53.11,90,61,6.62
77,Rojhan,PK,2021-09-05 20-05-02,28.6868,69.9534,94.77,38,5,6.46
78,Khatanga,RU,2021-09-05 20-05-02,71.9667,102.5,49.51,88,81,8.55
79,Ancud,CL,2021-09-05 20-05-03,-41.8697,-73.8203,56.43,70,22,11.88
80,Gamba,GA,2021-09-05 20-05-03,-2.65,10.0,74.32,84,42,8.1
81,Lorengau,PG,2021-09-05 20-05-03,-2.0226,147.2712,81.27,76,71,6.58
82,Tongliao,CN,2021-09-05 20-05-04,43.6125,122.2653,66.06,79,100,7.65
83,Talnakh,RU,2021-09-05 20-05-04,69.4865,88.3972,50.04,81,64,12.46
84,Cohoes,US,2021-09-05 20-05-04,42.7742,-73.7001,71.62,83,90,3.0
85,Upernavik,GL,2021-09-05 20-05-05,72.7868,-56.1549,35.78,99,100,15.59
86,Lethem,GY,2021-09-05 20-05-05,3.3803,-59.7968,87.28,62,99,7.52
87,Constitucion,CL,2021-09-05 20-00-56,-35.3333,-72.4167,56.91,74,9,7.25
88,Palana,RU,2021-09-05 20-05-05,59.1167,159.9667,47.68,91,100,8.57
89,Paamiut,GL,2021-09-05 20-05-06,61.994,-49.6678,44.69,65,0,24.63
90,Mount Isa,AU,2021-09-05 20-05-06,-20.7333,139.5,60.57,33,40,14.97
91,Pevek,RU,2021-09-05 20-05-06,69.7008,170.3133,31.53,82,100,17.85
92,Nhulunbuy,AU,2021-09-05 20-01-19,-12.2333,136.7667,75.81,83,40,8.05
93,Paidha,UG,2021-09-05 20-05-07,2.4167,30.9855,60.08,94,77,3.18
94,Linqiong,CN,2021-09-05 20-05-07,30.4159,103.4609,68.02,93,100,9.8
95,Assiniboia,CA,2021-09-05 20-05-07,49.6334,-105.9845,81.5,18,74,13.02
96,Vydrino,RU,2021-09-05 20-05-07,51.485,104.8461,44.37,80,100,3.47
97,Touros,BR,2021-09-05 20-05-08,-5.1989,-35.4608,81.5,76,7,15.55
98,Sandusky,US,2021-09-05 20-03-46,41.3501,-83.1332,81.18,52,2,4.0
99,Atherton,GB,2021-09-05 20-05-08,53.5237,-2.4935,69.22,76,100,1.01
100,Parana,AR,2021-09-05 20-05-09,-31.732,-60.5238,67.55,69,100,8.52
101,Vanino,RU,2021-09-05 20-05-09,49.0869,140.2543,53.51,83,6,5.46
102,Chokurdakh,RU,2021-09-05 20-05-09,70.6333,147.9167,40.64,92,100,16.44
103,Aripuana,BR,2021-09-05 20-01-07,-9.1667,-60.6333,88.93,48,76,3.0
104,Hasaki,JP,2021-09-05 20-05-10,35.7333,140.8333,68.4,79,100,20.62
105,Ahipara,NZ,2021-09-05 20-05-10,-35.1667,173.1667,52.84,84,37,8.57
106,Sirjan,IR,2021-09-05 20-05-10,29.452,55.6814,75.25,13,0,7.52
107,Narsaq,GL,2021-09-05 20-05-10,60.9167,-46.05,52.02,46,7,4.16
108,Barrow,US,2021-09-05 20-05-11,71.2906,-156.7887,37.42,87,90,8.05
109,Butaritari,KI,2021-09-05 20-05-11,3.0707,172.7902,83.21,75,44,16.26
110,Cidreira,BR,2021-09-05 20-05-11,-30.1811,-50.2056,60.71,94,100,7.54
111,The Valley,AI,2021-09-05 20-05-12,18.217,-63.0578,89.46,70,40,12.66
112,Vestmannaeyjar,IS,2021-09-05 20-05-12,63.4427,-20.2734,52.2,75,24,12.8
113,Beringovskiy,RU,2021-09-05 20-05-12,63.05,179.3167,43.12,73,100,6.49
114,Port Augusta,AU,2021-09-05 20-05-13,-32.5,137.7667,44.71,88,0,4.63
115,Ponta Do Sol,PT,2021-09-05 20-05-13,32.6667,-17.1,77.0,83,95,8.48
116,Bundaberg,AU,2021-09-05 20-05-13,-24.85,152.35,56.21,70,18,1.99
117,Baruun-Urt,MN,2021-09-05 20-05-14,46.6806,113.2792,41.58,82,8,4.34
118,Russellville,US,2021-09-05 20-00-48,35.2784,-93.1338,85.15,65,75,0.0
119,Nanortalik,GL,2021-09-05 20-05-14,60.1432,-45.2371,42.76,75,74,7.87
120,Mendi,PG,2021-09-05 20-05-14,-6.1761,143.6513,55.49,99,98,0.87
121,New Norfolk,AU,2021-09-05 20-05-15,-42.7826,147.0587,45.91,71,8,8.01
122,Bandarbeyla,SO,2021-09-05 20-05-15,9.4942,50.8122,77.2,80,89,28.88
123,Pacific Grove,US,2021-09-05 20-03-52,36.6177,-121.9166,97.61,75,1,3.0
124,Saint Anthony,US,2021-09-05 20-05-15,45.0205,-93.218,79.86,47,1,5.01
125,Elko,US,2021-09-05 20-05-16,41.0002,-115.5012,86.02,4,0,4.0
126,Jalalpur Pirwala,PK,2021-09-05 20-05-16,29.5069,71.2192,91.27,44,0,7.16
127,Warrenton,ZA,2021-09-05 20-05-16,-28.114,24.8475,63.9,21,100,8.14
128,Bredasdorp,ZA,2021-09-05 20-05-17,-34.5322,20.0403,51.28,53,100,11.14
129,Castro,BR,2021-09-05 20-05-17,-24.7911,-50.0119,79.25,41,31,5.66
130,Atambua,ID,2021-09-05 20-05-17,-9.1061,124.8925,71.04,83,100,4.27
131,Tuatapere,NZ,2021-09-05 20-05-18,-46.1333,167.6833,53.82,69,100,10.6
132,Arraial Do Cabo,BR,2021-09-05 20-05-18,-22.9661,-42.0278,73.26,83,75,3.44
133,Metu,ET,2021-09-05 20-05-18,8.3,35.5833,58.24,98,100,2.66
134,Phan Thiet,VN,2021-09-05 20-05-18,10.9333,108.1,76.19,88,100,3.94
135,Daru,PG,2021-09-05 20-05-19,-9.0763,143.2092,77.22,83,100,16.71
136,Riberalta,BO,2021-09-05 20-05-19,-10.9833,-66.1,90.16,48,93,5.82
137,Overyata,RU,2021-09-05 20-05-19,58.0868,55.8709,44.73,89,97,8.7
138,Port Hedland,AU,2021-09-05 20-05-20,-20.3167,118.5667,73.45,18,0,17.27
139,Misawa,JP,2021-09-05 20-05-20,40.6836,141.3597,61.7,77,90,4.94
140,Port Elizabeth,ZA,2021-09-05 20-03-19,-33.918,25.5701,59.09,79,16,13.09
141,Saldanha,ZA,2021-09-05 20-05-20,-33.0117,17.9442,55.71,51,99,12.35
142,Hualmay,PE,2021-09-05 20-05-21,-11.0964,-77.6139,65.48,75,60,9.04
143,Thompson,CA,2021-09-05 20-01-44,55.7435,-97.8558,67.39,46,60,1.03
144,Tautira,PF,2021-09-05 20-05-21,-17.7333,-149.15,80.62,72,36,12.37
145,Kysyl-Syr,RU,2021-09-05 20-05-21,63.8986,122.7617,35.47,75,6,0.58
146,Flinders,AU,2021-09-05 20-05-22,-34.5833,150.8552,49.21,71,4,5.01
147,Kutum,SD,2021-09-05 20-05-22,14.2,24.6667,72.63,69,100,6.06
148,Laviana,ES,2021-09-05 20-05-22,43.2333,-5.5333,73.71,42,100,5.82
149,Moree,AU,2021-09-05 20-05-22,-29.4667,149.85,40.6,92,0,7.65
150,Syava,RU,2021-09-05 20-05-23,58.0146,46.3222,37.04,96,51,4.54
151,Geraldton,AU,2021-09-05 20-05-23,-28.7667,114.6,54.01,37,0,17.27
152,Bathsheba,BB,2021-09-05 20-05-24,13.2167,-59.5167,86.61,70,40,10.36
153,Dingle,PH,2021-09-05 20-05-24,10.9995,122.6711,75.42,90,100,1.48
154,Cherskiy,RU,2021-09-05 20-05-24,68.75,161.3,31.51,85,100,14.52
155,Shimoda,JP,2021-09-05 20-05-24,34.6667,138.95,73.51,88,100,14.61
156,Quartucciu,IT,2021-09-05 20-05-25,39.2519,9.1794,76.87,70,23,4.61
157,East London,ZA,2021-09-05 20-05-25,-33.0153,27.9116,64.71,72,100,8.77
158,Pangnirtung,CA,2021-09-05 20-05-25,66.1451,-65.7125,46.8,60,39,3.78
159,Mae Sai,TH,2021-09-05 20-05-26,20.4335,99.8762,71.42,99,79,1.14
160,Pisco,PE,2021-09-05 20-05-26,-13.7,-76.2167,66.25,72,0,8.05
161,Mar Del Plata,AR,2021-09-05 20-05-26,-38.0023,-57.5575,57.22,72,20,9.22
162,Zyryanovsk,KZ,2021-09-05 20-05-26,49.7386,84.2719,59.83,53,100,2.46
163,Iqaluit,CA,2021-09-05 20-05-27,63.7506,-68.5145,41.41,78,74,10.33
164,Meulaboh,ID,2021-09-05 20-05-27,4.1363,96.1285,76.68,84,98,3.74
165,Taldan,RU,2021-09-05 20-05-27,53.6667,124.8,55.31,97,100,2.15
166,Manokwari,ID,2021-09-05 20-05-28,-0.8667,134.0833,77.45,76,100,3.71
167,Kavieng,PG,2021-09-05 20-05-28,-2.5744,150.7967,80.71,79,71,9.06
168,Bousse,BF,2021-09-05 20-05-28,12.6606,-1.8922,85.62,51,74,2.73
169,Katsuura,JP,2021-09-05 20-05-28,35.1333,140.3,69.91,84,100,18.34
170,Cruz Alta,BR,2021-09-05 20-05-29,-28.6386,-53.6064,63.73,79,97,6.73
171,Victoria,HK,2021-09-05 20-05-29,22.2855,114.1577,84.33,83,6,1.01
172,Goundam,ML,2021-09-05 20-05-29,16.4145,-3.6708,98.62,26,60,0.89
173,Santana Do Livramento,BR,2021-09-05 20-04-13,-30.8908,-55.5328,67.84,65,87,5.08
174,Caravelas,BR,2021-09-05 20-05-30,-17.7125,-39.2481,76.39,84,0,9.64
175,Belmonte,BR,2021-09-05 20-05-30,-15.8631,-38.8828,79.3,83,14,9.55
176,Abu Kamal,SY,2021-09-05 20-05-30,34.4506,40.9171,88.43,20,0,6.62
177,Sokol,RU,2021-09-05 20-05-30,59.4617,40.1206,36.61,93,88,5.32
178,Sayyan,YE,2021-09-05 20-05-31,15.1718,44.3244,64.98,44,38,2.08
179,Saint-Philippe,RE,2021-09-05 20-05-31,-21.3585,55.7679,69.39,74,57,13.89
180,Broken Hill,AU,2021-09-05 20-05-31,-31.95,141.4333,42.71,90,5,9.6
181,Kaitangata,NZ,2021-09-05 20-05-32,-46.2817,169.8464,44.64,80,96,4.45
182,Codrington,AU,2021-09-05 20-05-32,-38.2667,141.9667,47.84,74,29,9.71
183,Nouadhibou,MR,2021-09-05 20-05-32,20.931,-17.0347,71.22,88,8,14.09
184,Ngorongoro,TZ,2021-09-05 20-05-33,-3.2397,35.4875,53.53,70,28,6.96
185,Banda Aceh,ID,2021-09-05 20-05-33,5.5577,95.3222,76.98,81,98,4.32
186,Surt,LY,2021-09-05 20-05-33,31.2089,16.5887,83.37,66,92,8.77
187,Voronovytsya,UA,2021-09-05 20-05-33,49.1095,28.6808,47.98,60,25,5.19
188,Floro,NO,2021-09-05 20-05-34,61.5996,5.0328,61.5,82,90,13.8
189,Guerrero Negro,MX,2021-09-05 20-05-34,27.9769,-114.0611,81.86,56,48,10.18
190,Xichang,CN,2021-09-05 20-05-34,27.8964,102.2634,65.64,93,97,1.3
191,Beira,MZ,2021-09-05 20-05-35,-19.8436,34.8389,73.08,88,0,9.28
192,Oktyabrskoye,RU,2021-09-05 20-05-35,43.0645,44.7417,55.54,100,98,4.47
193,Bethel,US,2021-09-05 20-05-35,41.3712,-73.414,71.04,92,90,4.61
194,Bongandanga,CD,2021-09-05 20-05-35,1.5,21.05,71.71,87,93,0.54
195,Tuktoyaktuk,CA,2021-09-05 20-05-36,69.4541,-133.0374,48.06,85,100,10.76
196,Berlevag,NO,2021-09-05 20-05-36,70.8578,29.0864,42.8,87,75,2.3
197,Harnosand,SE,2021-09-05 20-05-36,62.6323,17.9379,54.0,63,97,5.14
198,Oyan,NG,2021-09-05 20-05-37,8.05,4.7667,71.67,94,87,0.31
199,Copiapo,CL,2021-09-05 20-02-24,-27.3667,-70.3333,74.46,27,4,8.21
200,Getulio Vargas,UY,2021-09-05 20-05-37,-32.6796,-53.5494,64.36,69,88,6.22
201,Dzhebariki-Khaya,RU,2021-09-05 20-05-37,62.2167,135.8,36.79,77,48,2.06
202,Fukue,JP,2021-09-05 20-05-37,32.6881,128.8419,77.56,76,100,10.98
203,Adrar,MR,2021-09-05 20-05-38,20.5022,-10.0711,99.3,16,8,1.66
204,Lazaro Cardenas,MX,2021-09-05 20-05-38,17.9583,-102.2,83.79,72,96,9.06
205,Itacoatiara,BR,2021-09-05 20-05-38,-3.1431,-58.4442,85.01,66,82,3.0
206,Dombarovskiy,RU,2021-09-05 20-05-39,50.7587,59.5386,55.08,38,70,3.22
207,Lluta,PE,2021-09-05 20-05-39,-16.0147,-72.0142,62.87,30,12,10.71
208,Moose Factory,CA,2021-09-05 20-05-39,51.2585,-80.6094,62.58,82,90,13.8
209,Tyubuk,RU,2021-09-05 20-05-40,56.0552,60.9405,41.61,71,6,6.4
210,Sao Joao Da Barra,BR,2021-09-05 20-05-40,-21.6403,-41.0511,75.29,83,77,11.99
211,Hami,CN,2021-09-05 20-05-40,42.8,93.45,73.94,22,0,1.28
212,Cayenne,GF,2021-09-05 20-05-40,4.9333,-52.3333,87.84,77,0,5.01
213,Mezen,RU,2021-09-05 20-05-41,65.8522,44.24,43.23,91,100,8.57
214,Lavrentiya,RU,2021-09-05 20-05-41,65.5833,-171.0,38.52,62,26,3.36
215,Ketchikan,US,2021-09-05 20-05-41,55.3422,-131.6461,57.67,94,90,18.41
216,Provideniya,RU,2021-09-05 20-05-42,64.3833,-173.3,39.31,65,90,8.95
217,Torbay,CA,2021-09-05 20-05-31,47.6666,-52.7314,55.58,86,90,13.8
218,Hofn,IS,2021-09-05 20-05-42,64.2539,-15.2082,52.48,85,7,15.95
219,Ambon,ID,2021-09-05 20-05-43,-3.6954,128.1814,77.79,87,100,8.3
220,Port-Gentil,GA,2021-09-05 20-05-43,-0.7193,8.7815,75.88,85,100,13.96
221,Thanyaburi,TH,2021-09-05 20-05-43,14.0211,100.7343,79.99,98,20,0.0
222,Wanning,CN,2021-09-05 20-05-44,18.8003,110.3967,79.81,86,61,0.36
223,Ixtapa,MX,2021-09-05 20-01-43,20.7,-105.2,87.22,73,100,4.0
224,Wah,PK,2021-09-05 20-05-44,33.798,72.6957,85.01,53,0,5.84
225,Saskylakh,RU,2021-09-05 20-05-44,71.9167,114.0833,50.4,88,73,8.1
226,Port Blair,IN,2021-09-05 20-05-45,11.6667,92.75,80.64,83,95,15.9
227,Boa Vista,BR,2021-09-05 20-05-45,2.8197,-60.6733,80.58,78,40,5.75
228,Zhuanghe,CN,2021-09-05 20-05-45,39.7008,122.9911,68.65,74,100,11.77
229,Raahe,FI,2021-09-05 20-05-45,64.6833,24.4833,44.69,67,36,7.05
230,Meadow Lake,US,2021-09-05 20-05-46,34.8014,-106.5436,88.68,29,6,10.04
231,Coquimbo,CL,2021-09-05 20-02-54,-29.9533,-71.3436,59.41,72,41,10.54
232,Haines Junction,CA,2021-09-05 20-05-46,60.7522,-137.5108,53.19,74,100,5.59
233,Kununurra,AU,2021-09-05 20-04-10,-15.7667,128.7333,64.38,68,90,13.8
234,Puerto Carreno,CO,2021-09-05 20-05-46,6.189,-67.4859,82.09,76,100,9.93
235,Aklavik,CA,2021-09-05 20-05-47,68.2191,-135.0107,56.95,75,100,8.3
236,Kapuskasing,CA,2021-09-05 20-05-47,49.4169,-82.4331,58.48,81,91,8.7
237,Olafsvik,IS,2021-09-05 20-05-47,64.8945,-23.7142,50.47,82,7,26.28
238,Osakarovka,KZ,2021-09-05 20-05-47,50.565,72.5692,57.6,48,39,6.85
239,Kushima,JP,2021-09-05 20-05-48,31.4583,131.2333,74.73,95,88,3.87
240,Severo-Kurilsk,RU,2021-09-05 20-05-48,50.6789,156.125,51.94,90,45,10.25
241,Kurilsk,RU,2021-09-05 20-05-48,45.2333,147.8833,52.74,83,0,1.5
242,Cerrik,AL,2021-09-05 20-05-49,41.0317,19.9758,69.35,49,96,4.0
243,Mana,GF,2021-09-05 20-05-49,5.6592,-53.7767,83.39,74,92,11.81
244,Macusani,PE,2021-09-05 20-05-49,-14.0833,-70.4333,48.47,49,40,13.65
245,Norman Wells,CA,2021-09-05 20-05-50,65.282,-126.8329,59.04,88,90,9.22
246,Plaster Rock,CA,2021-09-05 20-05-50,46.9065,-67.39,64.92,50,99,8.34
247,Houston,US,2021-09-05 20-04-36,29.7633,-95.3633,99.34,50,40,3.0
248,Sidney,AU,2021-09-05 20-04-20,-33.8679,151.2073,48.63,71,0,1.01
249,Hay River,CA,2021-09-05 20-05-50,60.8156,-115.7999,68.52,52,100,4.88
250,San Patricio,US,2021-09-05 20-05-51,28.017,-97.5169,100.49,34,0,10.74
251,Koslan,RU,2021-09-05 20-05-51,63.4564,48.8989,41.09,96,100,10.04
252,Denpasar,ID,2021-09-05 20-05-51,-8.65,115.2167,78.46,89,40,2.3
253,Bamiantong,CN,2021-09-05 20-05-52,44.9333,130.5333,52.7,75,0,2.51
254,Novyy Urgal,RU,2021-09-05 20-05-52,51.0736,132.5642,51.87,95,99,0.85
255,Lamu,KE,2021-09-05 20-05-52,-2.2717,40.902,77.22,83,56,15.1
256,Lardos,GR,2021-09-05 20-05-53,36.0942,28.0157,79.95,65,0,14.18
257,Yar-Sale,RU,2021-09-05 20-05-53,66.8333,70.8333,48.43,67,6,8.79
258,Heihe,CN,2021-09-05 20-05-53,50.2441,127.4902,50.58,91,100,1.83
259,Chuy,UY,2021-09-05 20-05-54,-33.6971,-53.4616,58.87,85,78,7.23
260,Ampanihy,MG,2021-09-05 20-05-54,-24.7,44.75,73.38,43,0,10.0
261,Huntingdon,GB,2021-09-05 20-05-54,52.3305,-0.1865,69.19,72,21,1.99
262,Pobe,BJ,2021-09-05 20-05-54,6.9801,2.6649,74.39,94,98,5.55
263,Leningradskiy,RU,2021-09-05 20-05-55,69.3833,178.4167,30.67,77,83,25.48
264,Cockburn Town,TC,2021-09-05 20-05-55,21.4612,-71.1419,85.96,70,40,13.8
265,Pimentel,PE,2021-09-05 20-05-55,-6.8367,-79.9342,68.29,68,0,20.71
266,Zhanaozen,KZ,2021-09-05 20-05-56,43.3,52.8,73.24,22,100,14.61
267,Shingu,JP,2021-09-05 20-05-56,33.7333,135.9833,75.9,92,89,5.88
268,Mount Pleasant,US,2021-09-05 20-05-56,32.7941,-79.8626,89.1,67,40,1.01
269,Gorom-Gorom,BF,2021-09-05 20-05-56,14.4439,-0.2361,91.33,38,36,8.14
270,Turayf,SA,2021-09-05 20-05-57,31.6725,38.6637,83.34,20,0,8.81
271,Ust-Omchug,RU,2021-09-05 20-05-57,61.15,149.6333,13.66,92,19,4.81
272,Husavik,IS,2021-09-05 20-05-57,66.0449,-17.3389,52.65,76,89,0.85
273,Port Hardy,CA,2021-09-05 20-05-58,50.6996,-127.4199,61.54,74,64,4.34
274,Tubuala,PA,2021-09-05 20-05-58,9.5167,-79.0333,84.31,80,100,5.39
275,Songea,TZ,2021-09-05 20-05-58,-10.6833,35.65,60.26,65,0,1.52
276,Altamont,US,2021-09-05 20-05-59,42.2068,-121.7372,90.79,16,1,1.99
277,Tommot,RU,2021-09-05 20-05-59,58.9564,126.2925,42.76,92,100,6.82
278,Matagami,CA,2021-09-05 20-05-59,49.7502,-77.6328,62.76,72,99,4.68
279,Kruisfontein,ZA,2021-09-05 20-06-00,-34.0033,24.7314,56.88,79,38,18.14
280,Noumea,NC,2021-09-05 20-06-00,-22.2763,166.4572,60.78,74,71,6.71
281,Mehamn,NO,2021-09-05 20-06-00,71.0357,27.8492,46.58,93,75,5.75
282,Dawson Creek,CA,2021-09-05 20-06-00,55.7666,-120.2362,64.85,48,28,24.16
283,Malanje,AO,2021-09-05 20-06-01,-9.5402,16.341,77.07,48,94,9.69
284,Faanui,PF,2021-09-05 20-03-29,-16.4833,-151.75,78.78,74,19,16.08
285,Malakal,SS,2021-09-05 20-06-01,9.5334,31.6605,69.71,98,39,3.85
286,Orumiyeh,IR,2021-09-05 20-06-01,37.5527,45.0761,66.74,19,0,7.7
287,Luderitz,NA,2021-09-05 20-06-02,-26.6481,15.1594,57.22,70,100,22.32
288,Lompoc,US,2021-09-05 20-06-02,34.6391,-120.4579,91.56,57,1,4.0
289,Tadine,NC,2021-09-05 20-06-02,-21.55,167.8833,69.62,79,2,7.92
290,Souillac,MU,2021-09-05 20-06-03,-20.5167,57.5167,71.37,72,84,17.87
291,Bonavista,CA,2021-09-05 20-06-03,48.6499,-53.1147,55.11,83,100,19.17
292,Zabolotovka,RU,2021-09-05 20-06-03,50.2737,39.3147,47.41,63,4,5.01
293,Baykit,RU,2021-09-05 20-06-04,61.67,96.37,45.21,92,31,2.73
294,Rocha,UY,2021-09-05 20-06-04,-34.4833,-54.3333,58.64,79,82,8.37
295,Kerman,IR,2021-09-05 20-06-04,30.2832,57.0788,76.3,13,0,3.38
296,Sokolo,ML,2021-09-05 20-06-05,14.7328,-6.1219,77.31,73,77,18.07
297,Zhengjiatun,CN,2021-09-05 20-06-05,43.5064,123.5064,65.82,83,100,4.05
298,Petropavlovsk-Kamchatskiy,RU,2021-09-05 20-06-05,53.0452,158.6483,48.79,93,75,2.24
299,Alugan,PH,2021-09-05 20-06-06,12.2188,125.4808,79.84,85,100,6.4
300,Vao,NC,2021-09-05 20-06-06,-22.6667,167.4833,69.75,77,11,14.25
301,Kirakira,SB,2021-09-05 20-06-06,-10.4544,161.9205,77.34,89,35,7.94
302,Cairns,AU,2021-09-05 20-04-45,-16.9167,145.7667,69.75,87,7,11.5
303,Grindavik,IS,2021-09-05 20-06-06,63.8424,-22.4338,50.9,76,20,18.41
304,Aykhal,RU,2021-09-05 20-06-07,66.0,111.5,44.6,80,7,8.37
305,Dormidontovka,RU,2021-09-05 20-06-07,47.7702,134.9076,55.0,87,16,4.43
306,Caucaia,BR,2021-09-05 20-06-07,-3.7361,-38.6531,82.35,76,0,11.5
307,Klaksvik,FO,2021-09-05 20-06-08,62.2266,-6.589,54.52,94,100,19.39
308,Ughelli,NG,2021-09-05 20-06-08,5.4899,6.0074,75.15,93,100,5.19
309,Shaghat,AM,2021-09-05 20-06-08,39.5625,45.9143,61.5,86,8,6.89
310,Kinshasa,CD,2021-09-05 20-02-29,-4.3246,15.3215,85.84,42,41,3.6
311,Shelburne,CA,2021-09-05 20-06-09,44.0787,-80.2041,75.74,35,13,18.01
312,Thinadhoo,MV,2021-09-05 20-06-09,0.5333,72.9333,82.13,74,22,9.6
313,Naryan-Mar,RU,2021-09-05 20-06-09,67.6713,53.087,42.1,89,100,14.16
314,Makakilo City,US,2021-09-05 20-06-10,21.3469,-158.0858,81.61,61,20,11.5
315,Avera,US,2021-09-05 20-06-10,33.194,-82.5271,89.71,28,32,6.2
316,Chaman,PK,2021-09-05 20-06-10,30.9236,66.4512,79.27,11,50,3.15
317,Okakarara,NA,2021-09-05 20-06-11,-20.5833,17.4333,67.1,15,27,11.59
318,Mikhaylovka,RU,2021-09-05 20-06-11,50.06,43.2379,49.71,55,7,6.62
319,West Wendover,US,2021-09-05 20-06-11,40.7391,-114.0733,81.61,13,1,4.61
320,Lokosovo,RU,2021-09-05 20-06-11,61.1333,74.8167,58.28,68,89,5.03
321,Praia Da Vitoria,PT,2021-09-05 20-06-12,38.7333,-27.0667,69.76,78,59,19.15
322,Naze,JP,2021-09-05 20-06-12,28.3667,129.4833,79.3,83,97,8.46
323,Nabire,ID,2021-09-05 20-06-12,-3.3667,135.4833,73.96,92,93,3.56
324,Kaeo,NZ,2021-09-05 20-06-13,-35.1,173.7833,53.33,94,99,8.88
325,Iizuka,JP,2021-09-05 20-06-13,33.6333,130.6833,71.4,85,100,3.83
326,Morondava,MG,2021-09-05 20-06-13,-20.2833,44.2833,72.39,85,0,13.53
327,San Quintin,MX,2021-09-05 20-06-14,30.4833,-115.95,77.68,65,100,8.5
328,Panama City,PA,2021-09-05 20-06-14,8.9936,-79.5197,84.15,81,40,11.5
329,Hamina,FI,2021-09-05 20-06-14,60.5697,27.1979,49.28,71,73,12.06
330,Koumac,NC,2021-09-05 20-06-14,-20.5667,164.2833,67.62,76,0,4.29
331,Diapaga,BF,2021-09-05 20-06-15,12.0708,1.7889,76.42,84,98,3.24
332,Alofi,NU,2021-09-05 20-06-15,-19.0595,-169.9187,80.49,83,40,5.75
333,Padang,ID,2021-09-05 20-06-15,-0.9492,100.3543,77.65,86,100,3.53
334,Mamlyutka,KZ,2021-09-05 20-06-16,54.9375,68.5394,54.72,58,10,7.49
335,Misratah,LY,2021-09-05 20-06-16,32.3754,15.0925,81.9,79,1,9.57
336,Aksu,CN,2021-09-05 20-06-16,41.1231,80.2644,71.62,34,0,2.59
337,Marsh Harbour,BS,2021-09-05 20-06-16,26.5412,-77.0636,84.81,68,9,14.18
338,Mogadishu,SO,2021-09-05 20-01-18,2.0371,45.3438,77.32,84,13,18.88
339,Bambanglipuro,ID,2021-09-05 20-06-17,-7.95,110.2833,75.72,85,97,7.29
340,Bisho,ZA,2021-09-05 20-06-17,-32.8472,27.4422,56.44,76,100,3.94
341,Sakakah,SA,2021-09-05 20-06-17,29.9697,40.2064,92.82,14,2,11.14
342,Boquira,BR,2021-09-05 20-06-18,-12.8231,-42.7306,86.72,30,88,2.33
343,Yushala,RU,2021-09-05 20-06-18,57.0761,64.2601,42.55,61,2,6.17
344,Pogar,RU,2021-09-05 20-06-18,52.554,33.2591,42.08,72,54,7.27
345,Skibbereen,IE,2021-09-05 20-06-19,51.55,-9.2667,62.4,98,91,5.3
346,Inhambane,MZ,2021-09-05 20-06-19,-23.865,35.3833,70.86,88,0,12.08
347,Lanzhou,CN,2021-09-05 20-06-19,36.0564,103.7922,57.97,78,95,2.04
348,Neuquen,AR,2021-09-05 20-06-20,-38.9516,-68.0591,71.49,30,20,4.61
349,Amahai,ID,2021-09-05 20-06-20,-3.3333,128.9167,75.15,87,100,1.45
350,Fortuna,US,2021-09-05 20-06-20,40.5982,-124.1573,89.19,68,1,3.0
351,Xingyi,CN,2021-09-05 20-06-21,24.1877,102.817,59.04,97,64,2.44
352,Gioia Tauro,IT,2021-09-05 20-06-21,38.424,15.899,76.3,82,5,2.64
353,Mount Gambier,AU,2021-09-05 20-06-21,-37.8333,140.7667,42.6,91,40,3.85
354,Kondrovo,RU,2021-09-05 20-06-22,54.8064,35.9278,41.49,84,92,6.69
355,Broome,US,2021-09-05 20-06-22,42.2506,-75.833,73.89,91,100,1.01
356,Garissa,KE,2021-09-05 20-06-22,-0.4536,39.6401,76.06,68,9,20.89
357,Nome,US,2021-09-05 20-05-45,64.5011,-165.4064,44.67,87,90,4.61
358,Kristiinankaupunki,FI,2021-09-05 20-06-23,62.2743,21.376,48.9,79,100,5.06
359,Concepcion,CL,2021-09-05 20-05-56,-36.827,-73.0498,51.6,93,90,2.3
360,Aranos,NA,2021-09-05 20-06-23,-24.1333,19.1167,62.83,11,6,9.17
361,Ust-Koksa,RU,2021-09-05 20-06-23,50.2696,85.6108,52.77,70,94,0.67
362,Saquarema,BR,2021-09-05 20-04-36,-22.92,-42.5103,73.44,82,56,9.26
363,Yulara,AU,2021-09-05 20-06-23,-25.2406,130.9889,42.64,49,0,10.67
364,Hambantota,LK,2021-09-05 20-06-11,6.1241,81.1185,79.0,84,100,18.68
365,Faya,SA,2021-09-05 20-06-24,18.3851,42.4509,72.01,32,87,4.34
366,Takoradi,GH,2021-09-05 20-06-24,4.8845,-1.7554,75.11,90,36,8.86
367,Mahebourg,MU,2021-09-05 20-06-24,-20.4081,57.7,71.26,69,91,19.66
368,Novaya Ladoga,RU,2021-09-05 20-06-25,60.1025,32.3019,45.61,70,28,8.08
369,Ordu,TR,2021-09-05 20-06-25,40.9086,37.6845,55.9,91,98,0.58
370,Bethanien,NA,2021-09-05 20-06-25,-26.502,17.1583,52.7,29,99,6.64
371,Karratha,AU,2021-09-05 20-06-26,-20.7377,116.8463,72.23,30,0,20.33
372,Ilulissat,GL,2021-09-05 20-06-26,69.2167,-51.1,37.42,60,7,2.3
373,Ugoofaaru,MV,2021-09-05 20-06-26,5.6667,73.0,82.49,76,100,14.76
374,Belle Fourche,US,2021-09-05 20-06-27,44.6714,-103.8522,88.05,7,37,13.85
375,Tezu,IN,2021-09-05 20-06-27,27.9167,96.1667,78.31,80,17,3.47
376,Thunder Bay,CA,2021-09-05 20-04-27,48.4001,-89.3168,66.56,84,100,9.84
377,Mao,ES,2021-09-05 20-06-27,39.8885,4.2658,75.76,83,20,3.44
378,Mpika,ZM,2021-09-05 20-06-28,-11.8343,31.4529,61.14,32,4,6.13
379,Henties Bay,NA,2021-09-05 20-06-28,-22.116,14.2845,54.86,85,45,8.21
380,Faisalabad,PK,2021-09-05 20-06-28,31.4167,73.0833,88.36,51,0,6.71
381,Hobyo,SO,2021-09-05 20-06-29,5.3505,48.5268,77.23,86,93,25.66
382,Altay,CN,2021-09-05 20-06-29,47.8667,88.1167,63.59,32,100,5.77
383,Ludvika,SE,2021-09-05 20-06-29,60.1496,15.1878,52.03,80,50,5.97
384,Nieuwpoort,BE,2021-09-05 20-06-29,51.1244,2.7735,70.21,77,20,5.75
385,Begun,IN,2021-09-05 20-06-30,24.9833,75.0,78.42,82,98,6.31
386,Phangnga,TH,2021-09-05 20-06-30,8.4509,98.5298,77.04,89,31,2.08
387,Tonila,MX,2021-09-05 20-06-30,19.4336,-103.5166,75.63,78,75,11.5
388,Tomatlan,MX,2021-09-05 20-06-30,19.9333,-105.25,87.71,63,100,6.67
389,Pangody,RU,2021-09-05 20-06-31,65.85,74.4859,53.55,71,35,7.02
390,Road Town,VG,2021-09-05 20-06-31,18.4167,-64.6167,89.69,74,40,11.5
391,Yueyang,CN,2021-09-05 20-06-31,29.3333,113.0919,73.33,95,67,9.48
392,Havelock,US,2021-09-05 20-03-18,34.8791,-76.9013,86.23,59,19,5.01
393,Asau,RO,2021-09-05 20-06-32,46.4333,26.4,51.4,82,76,3.36
394,Ossora,RU,2021-09-05 20-06-32,59.2353,163.0719,53.96,77,13,3.85
395,Novo Oriente,BR,2021-09-05 20-06-32,-5.5344,-40.7742,95.07,21,9,7.07
396,Buala,SB,2021-09-05 20-06-33,-8.145,159.5921,78.94,84,63,6.2
397,Clyde River,CA,2021-09-05 20-06-33,70.4692,-68.5914,35.55,97,100,10.58
398,Novocheboksarsk,RU,2021-09-05 20-06-33,56.111,47.4776,41.56,93,20,8.95
399,Abha,SA,2021-09-05 20-06-34,18.2164,42.5053,71.8,35,92,5.35
400,Samarai,PG,2021-09-05 20-06-34,-10.6167,150.6667,77.63,74,100,13.53
401,Pontes E Lacerda,BR,2021-09-05 20-06-34,-15.2261,-59.3353,98.47,20,80,7.0
402,Kaili,ID,2021-09-05 20-06-35,-3.4626,120.2147,64.18,98,100,3.67
403,Korla,CN,2021-09-05 20-06-35,41.7597,86.1469,73.49,30,0,4.25
404,Kang,BW,2021-09-05 20-06-35,-23.6752,22.7876,75.61,19,88,10.89
405,Ocala,US,2021-09-05 20-02-26,29.1872,-82.1401,91.33,65,40,3.0
406,Yerofey Pavlovich,RU,2021-09-05 20-06-36,53.9667,121.9667,57.49,100,100,3.33
407,Atar,MR,2021-09-05 20-06-36,20.5169,-13.0499,102.04,20,95,9.98
408,Hongjiang,CN,2021-09-05 20-06-36,27.11,109.9956,76.32,88,82,1.43
409,Sao Jose Da Coroa Grande,BR,2021-09-05 20-06-37,-8.8978,-35.1478,76.64,76,19,7.54
410,Rafraf,TN,2021-09-05 20-06-37,37.1904,10.1837,77.31,76,2,6.93
411,Killam,CA,2021-09-05 20-06-37,52.7834,-111.8518,75.49,31,100,10.85
412,Karpathos,GR,2021-09-05 20-06-37,35.507,27.2132,74.48,71,0,18.95
413,Ofaqim,IL,2021-09-05 20-06-38,31.3141,34.6203,79.74,63,0,6.53
414,Raniganj,IN,2021-09-05 20-06-38,23.6167,87.1333,82.8,79,100,4.9
415,Gat,IL,2021-09-05 20-03-05,31.61,34.7642,79.81,65,0,5.17
416,Pervomayskoye,RU,2021-09-05 20-06-38,43.919,46.7102,66.4,75,100,8.43
417,Byron Bay,AU,2021-09-05 20-02-06,-28.65,153.6167,51.87,71,32,11.34
418,Kyra,RU,2021-09-05 20-06-39,49.5776,111.9753,33.8,84,11,3.15
419,Marawi,PH,2021-09-05 20-06-39,7.9986,124.2928,65.64,92,100,2.8
420,Hailey,US,2021-09-05 20-06-40,43.5196,-114.3153,81.9,19,1,11.5
421,Samarkand,UZ,2021-09-05 20-06-40,39.6542,66.9597,76.42,29,0,9.22
422,Fairbanks,US,2021-09-05 20-06-40,64.8378,-147.7164,53.94,93,90,0.0
423,Lake City,US,2021-09-05 20-05-23,30.1897,-82.6393,90.79,48,40,0.0
424,Port Hawkesbury,CA,2021-09-05 20-06-41,45.6169,-61.3485,61.59,80,100,4.0
425,Tubigan,PH,2021-09-05 20-06-41,8.5322,124.3122,73.89,79,100,4.59
426,Ostend,BE,2021-09-05 20-04-38,51.2234,2.9119,68.9,78,0,8.05
427,Maniitsoq,GL,2021-09-05 20-06-41,65.4167,-52.9,43.66,71,1,8.43
428,Nicolas Bravo,MX,2021-09-05 20-06-41,18.45,-88.9167,85.77,64,100,6.89
429,Camacha,PT,2021-09-05 20-06-42,33.0833,-16.3333,74.62,73,20,14.97
430,Belousovka,KZ,2021-09-05 20-06-42,50.1339,82.5239,61.65,42,75,4.09
431,Port Macquarie,AU,2021-09-05 20-03-51,-31.4333,152.9167,47.61,70,0,6.78
432,Evensk,RU,2021-09-05 20-06-42,61.95,159.2333,38.88,72,100,13.4
433,Yeppoon,AU,2021-09-05 20-06-43,-23.1333,150.7333,62.38,50,87,10.27
434,Luchegorsk,RU,2021-09-05 20-06-43,46.4764,134.2569,54.37,84,15,0.85
435,Khorixas,NA,2021-09-05 20-06-43,-20.3667,14.9667,64.35,30,36,5.97
436,Gaoual,GN,2021-09-05 20-06-44,11.75,-13.2,77.54,88,9,4.7
437,Qinzhou,CN,2021-09-05 20-06-44,21.95,108.6167,79.03,87,34,2.08
438,Kendari,ID,2021-09-05 20-06-44,-3.945,122.4989,74.19,92,100,2.89
439,Marienburg,PL,2021-09-05 20-06-45,54.0359,19.0266,52.88,68,100,6.76
440,Chaihe,CN,2021-09-05 20-06-45,44.7667,129.7,51.49,80,0,1.21
441,Santa Maria,BR,2021-09-05 20-06-45,-29.6842,-53.8069,66.87,74,66,4.9
442,Levelland,US,2021-09-05 20-06-46,33.5873,-102.378,81.45,67,100,10.45
443,Eyl,SO,2021-09-05 20-06-46,7.9803,49.8164,77.29,79,50,24.74
444,Iracoubo,GF,2021-09-05 20-06-46,5.4802,-53.2011,83.14,75,98,12.44
445,Karagay,RU,2021-09-05 20-06-47,58.2667,54.9368,41.16,95,100,7.36
446,Quiruvilca,PE,2021-09-05 20-06-47,-7.9667,-78.2,51.73,42,99,12.21
447,Srednekolymsk,RU,2021-09-05 20-06-47,67.45,153.6833,33.89,82,100,14.7
448,Dunedin,NZ,2021-09-05 20-06-47,-45.8742,170.5036,50.81,58,100,5.86
449,Yichang,CN,2021-09-05 20-06-48,30.7144,111.2847,76.1,83,100,0.49
450,Chimoio,MZ,2021-09-05 20-06-48,-19.1164,33.4833,65.68,81,0,4.41
451,Dekar,BW,2021-09-05 20-06-48,-21.5333,21.9333,77.23,22,52,7.47
452,Inta,RU,2021-09-05 20-06-49,66.0317,60.1659,41.9,88,100,23.76
453,Sola,VU,2021-09-05 20-06-49,-13.8833,167.55,77.77,80,44,13.04
454,Amarante Do Maranhao,BR,2021-09-05 20-06-49,-5.5667,-46.7422,94.08,32,60,3.11
455,Corinto,GR,2021-09-05 20-06-49,37.9407,22.9573,77.41,56,33,5.37
456,Rodeo,US,2021-09-05 20-06-50,38.033,-122.2669,97.95,53,1,1.99
457,Brae,GB,2021-09-05 20-06-50,60.3964,-1.353,55.31,92,100,12.82
458,Harper,LR,2021-09-05 20-06-50,4.375,-7.7169,76.82,81,100,9.66
459,Grand Gaube,MU,2021-09-05 20-06-50,-20.0064,57.6608,71.38,69,86,8.01
460,Xinqing,CN,2021-09-05 20-06-51,48.2333,129.5,53.06,82,0,1.63
461,Illapel,CL,2021-09-05 20-06-11,-31.6308,-71.1653,65.39,45,44,8.68
462,Saint George,US,2021-09-05 20-06-51,37.1041,-113.5841,100.38,19,1,1.99
463,Arlit,NE,2021-09-05 20-06-51,18.7369,7.3853,99.79,12,5,7.61
464,Erenhot,CN,2021-09-05 20-06-52,43.6475,111.9767,53.58,48,74,4.12
465,Jalu,LY,2021-09-05 20-06-52,29.0331,21.5482,88.21,33,0,5.91
466,Sabang,ID,2021-09-05 20-06-52,5.8933,95.3214,80.91,73,100,2.08
467,Mattawa,US,2021-09-05 20-06-52,46.7379,-119.9028,88.45,25,9,5.95
468,Hovd,MN,2021-09-05 20-06-53,48.0056,91.6419,57.72,48,2,1.99
469,Saint Stephen,GB,2021-09-05 20-03-26,50.3333,-4.9,65.75,100,75,5.75
470,Caluquembe,AO,2021-09-05 20-06-53,-13.7833,14.6833,65.5,42,4,5.95
471,Lingao,CN,2021-09-05 20-06-53,19.9103,109.6859,78.73,86,94,7.81
472,Taoudenni,ML,2021-09-05 20-06-54,22.6783,-3.9836,103.6,9,2,8.08
473,Mumford,GH,2021-09-05 20-06-54,5.2618,-0.759,75.36,90,12,10.31
474,Richards Bay,ZA,2021-09-05 20-06-54,-28.783,32.0377,70.63,84,85,18.34
475,Lerwick,GB,2021-09-05 20-06-54,60.1545,-1.1494,55.4,93,100,14.25
476,Bodden Town,KY,2021-09-05 20-06-55,19.2833,-81.25,88.93,70,20,3.44
477,Agadir,MA,2021-09-05 20-06-17,30.4202,-9.5982,72.05,67,46,0.56
478,Tigil,RU,2021-09-05 20-06-55,57.8,158.6667,52.45,83,100,13.94
479,Esmeraldas,BR,2021-09-05 20-06-55,-19.7625,-44.3139,90.46,22,1,5.57
480,Nalut,LY,2021-09-05 20-06-56,30.3333,10.85,91.0,29,0,14.41
481,Khanpur,PK,2021-09-05 20-06-56,28.6453,70.6567,94.21,37,6,5.55
482,Lashio,MM,2021-09-05 20-06-56,22.9333,97.75,67.66,100,100,0.87
483,Ginir,ET,2021-09-05 20-06-57,7.1333,40.7,63.32,65,77,9.44
484,Nioro,GM,2021-09-05 20-06-57,13.35,-15.75,78.91,85,15,5.93
485,Bubaque,GW,2021-09-05 20-06-57,11.2833,-15.8333,80.26,82,16,14.7
486,Mujiayingzi,CN,2021-09-05 20-06-58,42.1167,118.7833,61.02,95,100,0.89
487,Camanducaia,BR,2021-09-05 20-06-58,-22.7553,-46.1447,77.85,25,79,9.06
488,Snizhne,UA,2021-09-05 20-06-58,48.0261,38.7723,50.22,48,7,8.01
489,Lata,PT,2021-09-05 20-06-58,40.1629,-8.3327,77.04,72,89,4.16
490,Khao Wong,TH,2021-09-05 20-06-59,16.7001,104.0902,73.42,95,98,1.21
491,Tobermory,CA,2021-09-05 20-06-59,45.2501,-81.6665,71.31,68,0,13.89
492,Marzuq,YE,2021-09-05 20-06-59,14.4,46.4667,82.06,49,68,4.94
493,Waitati,NZ,2021-09-05 20-07-00,-45.75,170.5667,50.81,58,95,8.99
494,Andros Town,BS,2021-09-05 20-07-00,24.7,-77.7667,87.76,65,18,7.56
495,Calabozo,VE,2021-09-05 20-07-00,8.9242,-67.4293,80.83,85,100,4.83
496,Pacifica,US,2021-09-05 20-07-00,37.6138,-122.4869,97.56,68,20,3.0
497,Kazanskaya,RU,2021-09-05 20-07-01,45.4106,40.4361,59.16,56,17,9.57
498,Cubuk,TR,2021-09-05 20-07-01,40.2386,33.0322,65.95,48,40,13.8
499,Puerto Lempira,HN,2021-09-05 20-07-02,15.2667,-83.7667,86.14,74,75,9.22
500,Sandakan,MY,2021-09-05 20-07-02,5.8402,118.1179,75.7,92,89,3.78
501,Umm Kaddadah,SD,2021-09-05 20-07-02,13.6017,26.6876,82.99,52,98,7.76
502,Dubbo,AU,2021-09-05 20-07-02,-32.25,148.6167,37.53,93,0,5.75
503,Virginia Beach,US,2021-09-05 20-06-00,36.8529,-75.978,88.02,52,40,12.66
504,Fort Dodge,US,2021-09-05 20-05-33,42.4975,-94.168,84.42,39,1,9.22
505,Lemon Tree Passage,AU,2021-09-05 20-07-03,-32.7327,152.036,48.94,75,0,1.01
506,Auki,SB,2021-09-05 20-07-03,-8.7676,160.7034,76.75,88,45,4.61
507,Paramonga,PE,2021-09-05 20-07-04,-10.6667,-77.8333,66.04,74,48,9.82
508,Manicore,BR,2021-09-05 20-07-04,-5.8092,-61.3003,89.31,51,90,6.4
509,Dakar,SN,2021-09-05 20-07-04,14.6937,-17.4441,83.28,84,69,9.69
510,San Andres,CO,2021-09-05 20-07-05,12.5847,-81.7006,82.56,80,77,12.59
511,Lakhnadon,IN,2021-09-05 20-07-05,22.6,79.6,74.95,85,71,1.99
512,Longwy,FR,2021-09-05 20-07-05,49.5194,5.7688,65.61,79,5,3.91
513,Baghmara,IN,2021-09-05 20-07-05,23.795,86.2085,83.59,71,100,3.94
514,Port Lincoln,AU,2021-09-05 20-07-06,-34.7333,135.8667,52.12,86,25,4.81
515,Green River,US,2021-09-05 20-07-00,41.5286,-109.4662,81.0,24,1,5.99
516,Kavaratti,IN,2021-09-05 20-07-06,10.5669,72.642,81.43,78,100,16.42
517,Axim,GH,2021-09-05 20-07-07,4.8699,-2.2405,75.45,92,53,8.55
518,Kharp,RU,2021-09-05 20-07-07,66.8014,65.8081,42.33,82,16,10.11
519,Srisailam,IN,2021-09-05 20-07-07,16.0833,78.8667,73.15,93,100,9.04
520,Vila Velha,BR,2021-09-05 20-07-08,-20.3297,-40.2925,80.55,74,0,13.8
521,Batemans Bay,AU,2021-09-05 20-07-08,-35.7167,150.1833,51.91,73,42,10.98
522,Saint-Francois,FR,2021-09-05 20-07-08,46.4154,3.9054,69.24,75,0,1.14
523,High Prairie,CA,2021-09-05 20-07-09,55.4334,-116.4858,70.02,39,0,20.04
524,Praia,CV,2021-09-05 20-07-09,14.9215,-23.5087,81.14,83,40,12.66
525,Whyalla,AU,2021-09-05 20-07-09,-33.0333,137.5833,49.42,84,38,3.91
526,Linqu,CN,2021-09-05 20-07-09,36.5156,118.5397,67.32,99,100,5.12
527,Vagur,FO,2021-09-05 20-06-13,61.4732,-6.8119,54.93,92,76,22.68
528,Seymchan,RU,2021-09-05 20-07-10,62.8833,152.4333,31.87,63,4,3.94
529,Zhangjiakou,CN,2021-09-05 20-07-10,40.81,114.8794,53.89,88,100,6.2
530,Bam,IR,2021-09-05 20-07-10,29.106,58.357,85.87,11,0,8.23
531,Sitka,US,2021-09-05 20-07-11,57.0531,-135.33,57.09,88,90,8.05
532,Gewane,ET,2021-09-05 20-07-11,10.1664,40.6453,86.02,44,60,8.39
533,Churapcha,RU,2021-09-05 20-07-11,62.0025,132.4325,37.0,89,9,3.29
534,Abnub,EG,2021-09-05 20-07-12,27.2696,31.1511,85.24,27,0,12.46
535,Vila Do Maio,CV,2021-09-05 20-07-12,15.1333,-23.2167,81.39,85,35,8.9
536,Armidale,AU,2021-09-05 20-07-12,-30.5167,151.65,34.81,97,2,4.43
537,Doctor Arroyo,MX,2021-09-05 20-07-13,23.6667,-100.1833,79.59,31,91,0.96
538,Owatonna,US,2021-09-05 20-07-13,44.0839,-93.226,80.83,43,1,3.0
539,Itarema,BR,2021-09-05 20-07-13,-2.9248,-39.9167,81.37,70,12,17.02
540,Najran,SA,2021-09-05 20-07-14,17.4924,44.1277,80.82,19,40,3.65
541,Carutapera,BR,2021-09-05 20-07-14,-1.195,-46.02,82.96,70,42,9.93
542,Umarga,IN,2021-09-05 20-07-14,17.8333,76.6167,71.58,95,100,11.74
543,Coihaique,CL,2021-09-05 20-07-15,-45.5752,-72.0662,52.41,66,75,9.22
544,Iraucuba,BR,2021-09-05 20-07-15,-3.7461,-39.7833,92.73,31,19,9.44
545,Sayat,TM,2021-09-05 20-07-15,38.7839,63.8803,80.47,20,0,15.23
546,Marystown,CA,2021-09-05 20-07-16,47.1666,-55.1483,57.09,69,70,14.09
547,Asilah,MA,2021-09-05 20-07-16,35.465,-6.0348,82.36,68,100,13.27
548,Kawalu,ID,2021-09-05 20-07-16,-7.3817,108.2082,71.13,95,97,1.66
549,Keetmanshoop,NA,2021-09-05 20-07-16,-26.5833,18.1333,56.07,21,99,10.65
550,Galle,LK,2021-09-05 20-07-17,6.0367,80.217,78.75,87,100,16.49
551,Dhankuta,NP,2021-09-05 20-07-17,26.9833,87.3333,68.5,91,99,3.91
552,Sorland,NO,2021-09-05 20-07-17,67.667,12.6934,51.87,87,100,12.46
553,Khani,GE,2021-09-05 20-07-18,41.9563,42.9566,60.37,95,100,0.4
554,Dubna,RU,2021-09-05 20-07-18,56.7333,37.1667,38.26,95,89,5.68
555,Jilove U Prahy,CZ,2021-09-05 20-07-18,49.8955,14.4933,62.58,81,4,4.79
556,Salalah,OM,2021-09-05 20-07-19,17.0151,54.0924,78.89,94,90,4.61
557,Kontagora,NG,2021-09-05 20-07-19,10.3999,5.4695,74.55,88,55,2.42
558,Shetpe,KZ,2021-09-05 20-07-19,44.1667,52.1167,72.55,27,100,11.36
559,Iskateley,RU,2021-09-05 20-07-20,67.6803,53.1512,41.85,89,100,14.2
560,Gobabis,NA,2021-09-05 20-07-20,-22.45,18.9667,65.07,17,12,10.38
561,Ostersund,SE,2021-09-05 20-07-20,63.1792,14.6357,45.05,81,0,6.91
562,Dongli,CN,2021-09-05 20-07-20,23.5656,116.8194,80.51,78,63,2.75
563,Methoni,GR,2021-09-05 20-07-21,36.8197,21.7049,71.22,80,4,4.34
564,Alpena,US,2021-09-05 20-07-21,45.0617,-83.4327,75.52,49,20,8.01
565,Aras,ES,2021-09-05 20-07-21,42.5617,-2.356,77.05,71,0,0.0
566,Narathiwat,TH,2021-09-05 20-07-22,6.3333,101.75,74.88,90,68,3.18
567,Monywa,MM,2021-09-05 20-07-22,22.1167,95.1333,78.78,82,100,7.99
568,Chapais,CA,2021-09-05 20-02-45,49.7834,-74.8492,56.98,97,100,7.23
569,Falmouth,GB,2021-09-05 20-07-22,50.1544,-5.0711,64.85,100,38,1.99
570,Deneysville,ZA,2021-09-05 20-07-23,-26.8908,28.0971,62.31,51,87,3.62
571,Veseloyarsk,RU,2021-09-05 20-07-23,51.2836,81.1056,64.38,29,0,7.11
572,Shakawe,BW,2021-09-05 20-07-23,-18.3667,21.85,72.63,24,7,6.31
573,Havoysund,NO,2021-09-05 20-07-24,70.9963,24.6622,47.28,98,100,14.23
